Verdigris Choir,Field Recordings,Anemone,03 Feb 2026 08:12
Verdigris Choir,Slow Ascent,Slow Ascent,03 Feb 2026 11:12
Verdigris Choir,Slow Ascent,The Long Wire,03 Feb 2026 17:12
Verdigris Choir,Field Recordings,Anemone,04 Feb 2026 13:12
Verdigris Choir,Slow Ascent,Nine Bridges,04 Feb 2026 20:12
Verdigris Choir,Slow Ascent,Patina,05 Feb 2026 16:12
Verdigris Choir,Field Recordings,Anemone,06 Feb 2026 08:12
Verdigris Choir,Slow Ascent,Slow Ascent,07 Feb 2026 04:12
Verdigris Choir,Slow Ascent,The Long Wire,07 Feb 2026 14:12
Verdigris Choir,Field Recordings,Anemone,08 Feb 2026 14:12
Verdigris Choir,Slow Ascent,Nine Bridges,08 Feb 2026 19:12
Verdigris Choir,Slow Ascent,Patina,09 Feb 2026 06:12
Verdigris Choir,Field Recordings,Anemone,10 Feb 2026 04:12
Verdigris Choir,Slow Ascent,Slow Ascent,10 Feb 2026 22:12
Verdigris Choir,Slow Ascent,The Long Wire,11 Feb 2026 13:12
Verdigris Choir,Field Recordings,Anemone,12 Feb 2026 15:12
Verdigris Choir,Slow Ascent,Nine Bridges,13 Feb 2026 05:12
Verdigris Choir,Slow Ascent,Patina,13 Feb 2026 07:12
Verdigris Choir,Field Recordings,Anemone,13 Feb 2026 19:12
Verdigris Choir,Slow Ascent,Slow Ascent,14 Feb 2026 15:12
Verdigris Choir,Slow Ascent,The Long Wire,15 Feb 2026 04:12
Verdigris Choir,Field Recordings,Anemone,15 Feb 2026 08:12
Verdigris Choir,Slow Ascent,Nine Bridges,15 Feb 2026 20:12
Verdigris Choir,Slow Ascent,Patina,16 Feb 2026 21:12
Verdigris Choir,Field Recordings,Anemone,17 Feb 2026 07:12
Verdigris Choir,Slow Ascent,Slow Ascent,18 Feb 2026 08:12
Verdigris Choir,Slow Ascent,The Long Wire,18 Feb 2026 21:12
Verdigris Choir,Field Recordings,Anemone,19 Feb 2026 06:12
Verdigris Choir,Slow Ascent,Nine Bridges,20 Feb 2026 01:12
Verdigris Choir,Slow Ascent,Patina,20 Feb 2026 19:12
Verdigris Choir,Field Recordings,Anemone,21 Feb 2026 21:12
Verdigris Choir,Slow Ascent,Slow Ascent,22 Feb 2026 14:12
Verdigris Choir,Slow Ascent,The Long Wire,23 Feb 2026 09:12
Verdigris Choir,Field Recordings,Anemone,23 Feb 2026 19:12
Verdigris Choir,Slow Ascent,Nine Bridges,24 Feb 2026 07:12
Verdigris Choir,Slow Ascent,Patina,24 Feb 2026 18:12
Verdigris Choir,Field Recordings,Anemone,25 Feb 2026 06:12
Verdigris Choir,Slow Ascent,Slow Ascent,25 Feb 2026 13:12
Verdigris Choir,Slow Ascent,The Long Wire,25 Feb 2026 17:12
Verdigris Choir,Field Recordings,Anemone,26 Feb 2026 03:12
Verdigris Choir,Slow Ascent,Nine Bridges,27 Feb 2026 03:12
Verdigris Choir,Slow Ascent,Patina,27 Feb 2026 14:12
Verdigris Choir,Field Recordings,Anemone,28 Feb 2026 16:12
Verdigris Choir,Slow Ascent,Slow Ascent,01 Mar 2026 17:12
Verdigris Choir,Slow Ascent,The Long Wire,01 Mar 2026 20:12
Verdigris Choir,Field Recordings,Anemone,02 Mar 2026 18:12
Verdigris Choir,Slow Ascent,Nine Bridges,03 Mar 2026 09:12
Verdigris Choir,Slow Ascent,Patina,03 Mar 2026 14:12
Verdigris Choir,Field Recordings,Anemone,04 Mar 2026 08:12
Verdigris Choir,Slow Ascent,Slow Ascent,05 Mar 2026 00:12
Verdigris Choir,Slow Ascent,The Long Wire,05 Mar 2026 15:12
Verdigris Choir,Field Recordings,Anemone,05 Mar 2026 18:12
Verdigris Choir,Slow Ascent,Nine Bridges,06 Mar 2026 15:12
Verdigris Choir,Slow Ascent,Patina,06 Mar 2026 23:12
Verdigris Choir,Field Recordings,Anemone,07 Mar 2026 09:12
Verdigris Choir,Slow Ascent,Slow Ascent,07 Mar 2026 18:12
Verdigris Choir,Slow Ascent,The Long Wire,07 Mar 2026 23:12
Verdigris Choir,Field Recordings,Anemone,08 Mar 2026 06:12
Verdigris Choir,Slow Ascent,Nine Bridges,08 Mar 2026 11:12
Verdigris Choir,Slow Ascent,Patina,09 Mar 2026 12:12
Verdigris Choir,Field Recordings,Anemone,10 Mar 2026 14:12
Verdigris Choir,Slow Ascent,Slow Ascent,10 Mar 2026 18:12
Verdigris Choir,Slow Ascent,The Long Wire,11 Mar 2026 10:12
Verdigris Choir,Field Recordings,Anemone,11 Mar 2026 21:12
Verdigris Choir,Slow Ascent,Nine Bridges,12 Mar 2026 17:12
Verdigris Choir,Slow Ascent,Patina,12 Mar 2026 22:12
Verdigris Choir,Field Recordings,Anemone,13 Mar 2026 00:12
Verdigris Choir,Slow Ascent,Slow Ascent,13 Mar 2026 08:12
Verdigris Choir,Slow Ascent,The Long Wire,13 Mar 2026 13:12
Verdigris Choir,Field Recordings,Anemone,13 Mar 2026 20:12
Verdigris Choir,Slow Ascent,Nine Bridges,14 Mar 2026 05:12
Verdigris Choir,Slow Ascent,Patina,14 Mar 2026 17:12
Verdigris Choir,Field Recordings,Anemone,15 Mar 2026 17:12
Verdigris Choir,Slow Ascent,Slow Ascent,16 Mar 2026 18:12
Verdigris Choir,Slow Ascent,The Long Wire,17 Mar 2026 16:12
Verdigris Choir,Field Recordings,Anemone,18 Mar 2026 18:12
Verdigris Choir,Slow Ascent,Nine Bridges,19 Mar 2026 13:12
Verdigris Choir,Slow Ascent,Patina,20 Mar 2026 00:12
Verdigris Choir,Field Recordings,Anemone,21 Mar 2026 00:12
Verdigris Choir,Slow Ascent,Slow Ascent,21 Mar 2026 06:12
Verdigris Choir,Slow Ascent,The Long Wire,22 Mar 2026 05:12
Verdigris Choir,Field Recordings,Anemone,22 Mar 2026 12:12
Verdigris Choir,Slow Ascent,Nine Bridges,22 Mar 2026 17:12
Verdigris Choir,Slow Ascent,Patina,23 Mar 2026 06:12
Verdigris Choir,Field Recordings,Anemone,23 Mar 2026 09:12
Verdigris Choir,Slow Ascent,Slow Ascent,23 Mar 2026 15:12
Verdigris Choir,Slow Ascent,The Long Wire,24 Mar 2026 00:12
Verdigris Choir,Field Recordings,Anemone,24 Mar 2026 18:12
Verdigris Choir,Slow Ascent,Nine Bridges,25 Mar 2026 17:12
Verdigris Choir,Slow Ascent,Patina,26 Mar 2026 11:12
Verdigris Choir,Field Recordings,Anemone,27 Mar 2026 02:12
Verdigris Choir,Slow Ascent,Slow Ascent,27 Mar 2026 23:12
Verdigris Choir,Slow Ascent,The Long Wire,28 Mar 2026 14:12
Verdigris Choir,Field Recordings,Anemone,29 Mar 2026 16:12
Verdigris Choir,Slow Ascent,Nine Bridges,30 Mar 2026 17:12
Verdigris Choir,Slow Ascent,Patina,31 Mar 2026 09:12
Verdigris Choir,Field Recordings,Anemone,31 Mar 2026 13:12
Verdigris Choir,Slow Ascent,Slow Ascent,01 Apr 2026 12:12
Verdigris Choir,Slow Ascent,The Long Wire,02 Apr 2026 00:12
Verdigris Choir,Field Recordings,Anemone,02 Apr 2026 14:12
Verdigris Choir,Slow Ascent,Nine Bridges,03 Apr 2026 08:12
Verdigris Choir,Slow Ascent,Patina,03 Apr 2026 22:12
Verdigris Choir,Field Recordings,Anemone,04 Apr 2026 05:12
Verdigris Choir,Slow Ascent,Slow Ascent,04 Apr 2026 10:12
Halden Vale,Paper Anchor,Paper Anchor,05 Apr 2026 00:12
Halden Vale,Paper Anchor,Blue Hour,05 Apr 2026 23:12
Halden Vale,Paper Anchor,Understudy,06 Apr 2026 23:12
Halden Vale,Paper Anchor,Paper Anchor,08 Apr 2026 10:12
Halden Vale,Paper Anchor,Blue Hour,08 Apr 2026 18:12
Mirabel Ostrander,The Quiet Instrument,Andante,09 Apr 2026 10:12
Mirabel Ostrander,The Quiet Instrument,Two Passes,10 Apr 2026 05:12
Mirabel Ostrander,The Quiet Instrument,Marginalia,10 Apr 2026 17:12
Mirabel Ostrander,The Quiet Instrument,Andante,12 Apr 2026 02:12
Mirabel Ostrander,The Quiet Instrument,Two Passes,12 Apr 2026 20:12
Mirabel Ostrander,The Quiet Instrument,Marginalia,14 Apr 2026 00:12
Mirabel Ostrander,The Quiet Instrument,Andante,15 Apr 2026 15:12
Mirabel Ostrander,The Quiet Instrument,Two Passes,16 Apr 2026 04:12
Mirabel Ostrander,The Quiet Instrument,Marginalia,17 Apr 2026 07:12
Mirabel Ostrander,The Quiet Instrument,Andante,18 Apr 2026 13:12
Mirabel Ostrander,The Quiet Instrument,Two Passes,18 Apr 2026 22:12
Mirabel Ostrander,The Quiet Instrument,Marginalia,19 Apr 2026 12:12
Low Tide Orchestra,Ebb,Ebb,19 Apr 2026 15:12
Low Tide Orchestra,Ebb,Neap,20 Apr 2026 05:12
Low Tide Orchestra,Ebb,Spring Tide,21 Apr 2026 16:12
Low Tide Orchestra,Ebb,Ebb,21 Apr 2026 22:12
Low Tide Orchestra,Ebb,Neap,22 Apr 2026 22:12
Tessellate,Hollow Orbit,Hollow Orbit,24 Apr 2026 03:12
Tessellate,Hollow Orbit,Apogee,24 Apr 2026 14:12
Tessellate,Hollow Orbit,Dead Reckoning,25 Apr 2026 16:12
Tessellate,Hollow Orbit,Hollow Orbit,26 Apr 2026 19:12
Tessellate,Hollow Orbit,Apogee,27 Apr 2026 17:12
Tessellate,Hollow Orbit,Dead Reckoning,27 Apr 2026 22:12
Tessellate,Hollow Orbit,Hollow Orbit,28 Apr 2026 15:12
Tessellate,Hollow Orbit,Apogee,30 Apr 2026 03:12
Tessellate,Hollow Orbit,Dead Reckoning,01 May 2026 13:12
Tessellate,Hollow Orbit,Hollow Orbit,02 May 2026 06:12
The Ferrymen,Northgate,Northgate,02 May 2026 19:12
The Ferrymen,Northgate,Riverside,04 May 2026 02:12
The Ferrymen,Northgate,Old Quarter,04 May 2026 05:12
The Ferrymen,Northgate,Northgate,04 May 2026 23:12
The Ferrymen,Northgate,Riverside,05 May 2026 20:12
The Ferrymen,Northgate,Old Quarter,07 May 2026 02:12
Junia Sparrow,Handwriting,Handwriting,08 May 2026 15:12
Junia Sparrow,Handwriting,Second Draft,09 May 2026 03:12
Junia Sparrow,Handwriting,Erasure,10 May 2026 07:12
Junia Sparrow,Handwriting,Handwriting,10 May 2026 13:12
Junia Sparrow,Handwriting,Second Draft,12 May 2026 00:12
Junia Sparrow,Handwriting,Erasure,12 May 2026 14:12
Junia Sparrow,Handwriting,Handwriting,13 May 2026 02:12
Junia Sparrow,Handwriting,Second Draft,13 May 2026 10:12
Junia Sparrow,Handwriting,Erasure,14 May 2026 08:12
Junia Sparrow,Handwriting,Handwriting,15 May 2026 23:12
